{
  "0.5卡片详细信数据表（折叠）": {
    "数据来源": {
      "calc_temperature_data": [
        "平均气温"
      ],
      "groups": [
        "标煤耗量汇总(张屯)",
        "可比煤价边际利润",
        "省市平台投诉量（件）"
      ]
    },
    "本期": {
      "平均气温（℃）": {
        "本日": 6.09,
        "本月累计": 3.28,
        "本供暖期累计": 2.42
      },
      "标煤耗量（吨）": {
        "本日": 2181.44,
        "本月累计": 62385.41,
        "本供暖期累计": 576247.7221
      },
      "可比煤价边际利润（万元）": {
        "本日": 432.084270948718,
        "本月累计": 7397.776645974359,
        "本供暖期累计": 45261.18544203851
      },
      "省市平台投诉量（件）": {
        "本日": 13.0,
        "本月累计": 498.0,
        "本供暖期累计": 7197.0
      },
      "净投诉量（件）": {
        "本日": 6.0,
        "本月累计": 110.0,
        "本供暖期累计": 856.0
      }
    },
    "同期": {
      "平均气温（℃）": {
        "本日": 11.28,
        "本月累计": 4.58,
        "本供暖期累计": 2.94
      },
      "标煤耗量（吨）": {
        "本日": 2082.01,
        "本月累计": 59466.3907,
        "本供暖期累计": 547141.1527
      },
      "可比煤价边际利润（万元）": {
        "本日": 441.49271127179486,
        "本月累计": 7810.843987035897,
        "本供暖期累计": 47326.588067051285
      },
      "省市平台投诉量（件）": {
        "本日": 15.0,
        "本月累计": 596.0,
        "本供暖期累计": 11316.0
      },
      "净投诉量（件）": {
        "本日": 8.0,
        "本月累计": 147.0,
        "本供暖期累计": 1937.0
      }
    }
  },
  "7.煤炭库存明细": {
    "根指标": "煤炭库存明细",
    "数据来源": "coal_inventory_data",
    "查询结构": [
      "company_cn",
      "storage_type_cn"
    ],
    "集团汇总": {
      "厂内存煤": 23117.300000000003,
      "港口存煤": 10234.3,
      "在途煤炭": 0.0
    },
    "北海热电厂": {
      "厂内存煤": 13591.28,
      "港口存煤": 0.0,
      "在途煤炭": 0.0
    },
    "香海热电厂": {
      "厂内存煤": 4583.12,
      "港口存煤": 7241.98,
      "在途煤炭": 0.0
    },
    "金州热电": {
      "厂内存煤": 1077.92,
      "港口存煤": 2992.32,
      "在途煤炭": 0.0
    },
    "北方热电": {
      "厂内存煤": 2771.0,
      "港口存煤": 0.0,
      "在途煤炭": 0.0
    },
    "金普热电": {
      "厂内存煤": 998.08,
      "港口存煤": 0.0,
      "在途煤炭": 0.0
    },
    "庄河环海": {
      "厂内存煤": 95.9,
      "港口存煤": 0.0,
      "在途煤炭": 0.0
    },
    "计量单位": "吨"
  },
  "8.供热分中心单耗明细": {
    "数据来源": "sum_basic_data",
    "查询结构": [
      "company_cn",
      "iten_cn"
    ],
    "本期": {
      "华乐中心": {
        "供暖热单耗": 9.144251153682593,
        "供暖电单耗": 85.99856563860247,
        "供暖水单耗": 1.7199713127720495
      },
      "东港中心": {
        "供暖热单耗": 10.528662774919015,
        "供暖电单耗": 79.24799938111086,
        "供暖水单耗": 0.2641599979370362
      },
      "春海中心": {
        "供暖热单耗": 10.949989770248083,
        "供暖电单耗": 81.52142727398284,
        "供暖水单耗": 0.8112569219012855
      },
      "中山中心": {
        "供暖热单耗": 12.058754446010335,
        "供暖电单耗": 88.08133682303202,
        "供暖水单耗": 1.6399906046574055
      },
      "北岗中心": {
        "供暖热单耗": 9.672360792941348,
        "供暖电单耗": 79.03069915469192,
        "供暖水单耗": 1.324298202051594
      },
      "双兴中心": {
        "供暖热单耗": 11.276482791597797,
        "供暖电单耗": 90.36246644352157,
        "供暖水单耗": 2.7108739933056474
      },
      "香炉礁中心": {
        "供暖热单耗": 12.22086141414873,
        "供暖电单耗": 75.46070647822619,
        "供暖水单耗": 2.9429675526508214
      },
      "兴工中心": {
        "供暖热单耗": 13.648473137281618,
        "供暖电单耗": 85.79040257719875,
        "供暖水单耗": 2.6104138538195767
      },
      "大纺中心": {
        "供暖热单耗": 10.187687792052015,
        "供暖电单耗": 72.6840883409559,
        "供暖水单耗": 1.4060200695463598
      }
    },
    "同期": {
      "华乐中心": {
        "供暖热单耗": 6.039624036362403,
        "供暖电单耗": 72.58594530964612,
        "供暖水单耗": 2.1381294759689236
      },
      "东港中心": {
        "供暖热单耗": 10.77080943969463,
        "供暖电单耗": 94.97180878212492,
        "供暖水单耗": 0.35850285434312057
      },
      "春海中心": {
        "供暖热单耗": 9.509514065018482,
        "供暖电单耗": 71.6280501776257,
        "供暖水单耗": 0.8983186403492283
      },
      "中山中心": {
        "供暖热单耗": 10.062244144688275,
        "供暖电单耗": 99.82551506610295,
        "供暖水单耗": 1.7909871820683176
      },
      "北岗中心": {
        "供暖热单耗": 8.446322470237739,
        "供暖电单耗": 90.11967221366032,
        "供暖水单耗": 1.7448702492432104
      },
      "双兴中心": {
        "供暖热单耗": 10.010466985696375,
        "供暖电单耗": 83.30289875262146,
        "供暖水单耗": 3.0120822147840527
      },
      "香炉礁中心": {
        "供暖热单耗": 11.37947453691651,
        "供暖电单耗": 76.21531354300845,
        "供暖水单耗": 2.7958191750182806
      },
      "兴工中心": {
        "供暖热单耗": 14.942210759034028,
        "供暖电单耗": 93.58953008421682,
        "供暖水单耗": 1.9451941546915652
      },
      "大纺中心": {
        "供暖热单耗": 8.37257148758115,
        "供暖电单耗": 67.52073780307379,
        "供暖水单耗": 1.747595566667792
      }
    },
    "本月累计": {
      "华乐中心": {
        "供暖热单耗": 248.90667419877346,
        "供暖电单耗": 1733.7784219342102,
        "供暖水单耗": 33.223849532491286
      },
      "东港中心": {
        "供暖热单耗": 280.80836733082987,
        "供暖电单耗": 1684.3344630366262,
        "供暖水单耗": 6.116561856994469
      },
      "春海中心": {
        "供暖热单耗": 295.55079002573467,
        "供暖电单耗": 1786.7439036020994,
        "供暖水单耗": 17.37672753204168
      },
      "中山中心": {
        "供暖热单耗": 287.9630561707268,
        "供暖电单耗": 1905.492919938259,
        "供暖水单耗": 36.55794913093081
      },
      "北岗中心": {
        "供暖热单耗": 274.41808307835254,
        "供暖电单耗": 1640.0650045300254,
        "供暖水单耗": 26.22252837718291
      },
      "双兴中心": {
        "供暖热单耗": 319.346604065558,
        "供暖电单耗": 1816.1914479455718,
        "供暖水单耗": 59.77100644962104
      },
      "香炉礁中心": {
        "供暖热单耗": 327.05802098260403,
        "供暖电单耗": 1537.1345909614674,
        "供暖水单耗": 61.37596561406527
      },
      "兴工中心": {
        "供暖热单耗": 380.5331942336004,
        "供暖电单耗": 1871.7906016843363,
        "供暖水单耗": 50.23096886725931
      },
      "大纺中心": {
        "供暖热单耗": 297.45665267928246,
        "供暖电单耗": 1608.9794637661876,
        "供暖水单耗": 30.32078308168619
      }
    },
    "同期月累计": {
      "华乐中心": {
        "供暖热单耗": 205.1696972613796,
        "供暖电单耗": 1655.2751441264952,
        "供暖水单耗": 32.44276164274618
      },
      "东港中心": {
        "供暖热单耗": 268.2670569525811,
        "供暖电单耗": 1907.2980803430055,
        "供暖水单耗": 7.1983599437842365
      },
      "春海中心": {
        "供暖热单耗": 284.92134567340855,
        "供暖电单耗": 1790.7012544406423,
        "供暖水单耗": 19.577014598271507
      },
      "中山中心": {
        "供暖热单耗": 279.4527212938729,
        "供暖电单耗": 1991.4770820750284,
        "供暖水单耗": 39.372357559895306
      },
      "北岗中心": {
        "供暖热单耗": 244.82351164724858,
        "供暖电单耗": 1967.7726299844448,
        "供暖水单耗": 36.18688327345328
      },
      "双兴中心": {
        "供暖热单耗": 284.4441014017478,
        "供暖电单耗": 1861.3726811673325,
        "供暖水单耗": 69.1790569923606
      },
      "香炉礁中心": {
        "供暖热单耗": 298.5602851811019,
        "供暖电单耗": 1536.7572874290763,
        "供暖水单耗": 55.94279474763299
      },
      "兴工中心": {
        "供暖热单耗": 342.01467979305704,
        "供暖电单耗": 2016.7626188736133,
        "供暖水单耗": 35.352986217106604
      },
      "大纺中心": {
        "供暖热单耗": 264.3476603071399,
        "供暖电单耗": 1655.8467994177329,
        "供暖水单耗": 32.81905038039992
      }
    },
    "本供暖期累计": {
      "华乐中心": {
        "供暖热单耗": 2114.2236956818465,
        "供暖电单耗": 620907.6399074371,
        "供暖水单耗": 219.1267121801583
      },
      "东港中心": {
        "供暖热单耗": 2357.1910631527935,
        "供暖电单耗": 619241.118642117,
        "供暖水单耗": 47.86516267381492
      },
      "春海中心": {
        "供暖热单耗": 2492.542390944315,
        "供暖电单耗": 510675.57914840186,
        "供暖水单耗": 133.82177595616523
      },
      "中山中心": {
        "供暖热单耗": 2377.1491430944234,
        "供暖电单耗": 758388.2625327159,
        "供暖水单耗": 273.7232400510033
      },
      "北岗中心": {
        "供暖热单耗": 2273.2863389028616,
        "供暖电单耗": 591073.9880421568,
        "供暖水单耗": 211.5851173089691
      },
      "双兴中心": {
        "供暖热单耗": 2662.0303203725944,
        "供暖电单耗": 365881.42938361503,
        "供暖水单耗": 464.4724902766221
      },
      "香炉礁中心": {
        "供暖热单耗": 2757.8624396597324,
        "供暖电单耗": 725685.2247182109,
        "供暖水单耗": 411.2759424476284
      },