{
  "push_date": "2026-03-20",
  "2.边际利润": {
    "数据来源": {
      "groups": [
        "集团汇总",
        "主城区"
      ],
      "sum_basic_data": [
        "金州热电",
        "北方热电",
        "金普热电",
        "庄河环海",
        "研究院"
      ]
    },
    "查询结构": [
      "biz_date",
      "company_cn",
      "item_cn"
    ],
    "本期": {
      "集团汇总": {
        "直接收入": 699.036077948718,
        "煤成本": 184.7039344426,
        "外购热成本": 16.493347,
        "水、电及辅材成本": 34.48416,
        "边际利润": 465.52433650611795,
        "可比煤价边际利润": 432.084270948718
      },
      "主城区": {
        "直接收入": 474.41428146153845,
        "煤成本": 140.0064060826,
        "外购热成本": 0.0,
        "水、电及辅材成本": 20.331456,
        "边际利润": 316.2461193789385,
        "可比煤价边际利润": 290.7765254615385
      },
      "金州热电": {
        "直接收入": 110.89188946153845,
        "煤成本": 25.58895,
        "外购热成本": 0.0,
        "水、电及辅材成本": 5.980051,
        "边际利润": 79.32288846153845,
        "可比煤价边际利润": 73.91183846153847
      },
      "北方热电": {
        "直接收入": 49.613666,
        "煤成本": 13.81273536,
        "外购热成本": 0.0,
        "水、电及辅材成本": 1.6637619,
        "边际利润": 34.13716874,
        "可比煤价边际利润": 32.2479041
      },
      "金普热电": {
        "直接收入": 27.302426282051282,
        "煤成本": 4.979895,
        "外购热成本": 0.0,
        "水、电及辅材成本": 2.5779325,
        "边际利润": 19.74459878205128,
        "可比煤价边际利润": 19.09749378205128
      },
      "庄河环海": {
        "直接收入": 35.56280128205128,
        "煤成本": 0.315948,
        "外购热成本": 16.493347,
        "水、电及辅材成本": 2.786156,
        "边际利润": 15.967350282051282,
        "可比煤价边际利润": 15.944298282051282
      },
      "研究院": {
        "直接收入": 1.2510134615384616,
        "煤成本": 0.0,
        "外购热成本": 0.0,
        "水、电及辅材成本": 1.1448026,
        "边际利润": 0.1062108615384615,
        "可比煤价边际利润": 0.1062108615384615
      }
    },
    "同期": {
      "集团汇总": {
        "直接收入": 703.5846048717949,
        "煤成本": 237.6629906225,
        "外购热成本": 0.0,
        "水、电及辅材成本": 39.6734436,
        "边际利润": 426.2477206492949,
        "可比煤价边际利润": 441.49271127179486
      },
      "主城区": {
        "直接收入": 474.97060982051283,
        "煤成本": 166.4144916225,
        "外购热成本": 0.0,
        "水、电及辅材成本": 20.8159,
        "边际利润": 287.7397681980128,
        "可比煤价边际利润": 297.9082598205128
      },
      "金州热电": {
        "直接收入": 114.2015112051282,
        "煤成本": 32.4415,
        "外购热成本": 0.0,
        "水、电及辅材成本": 6.317742,
        "边际利润": 75.4422692051282,
        "可比煤价边际利润": 77.98376920512821
      },
      "北方热电": {
        "直接收入": 49.63605820512821,
        "煤成本": 18.661657,
        "外购热成本": 0.0,
        "水、电及辅材成本": 2.9977511,
        "边际利润": 27.976650105128204,
        "可比煤价边际利润": 29.719307105128205
      },
      "金普热电": {
        "直接收入": 27.74525641025641,
        "煤成本": 4.68,
        "外购热成本": 0.0,
        "水、电及辅材成本": 2.3044365,
        "边际利润": 20.76081991025641,
        "可比煤价边际利润": 20.76081991025641
      },
      "庄河环海": {
        "直接收入": 35.65384615384615,
        "煤成本": 15.465342,
        "外购热成本": 0.0,
        "水、电及辅材成本": 5.877616,
        "边际利润": 14.310888153846154,
        "可比煤价边际利润": 15.103230153846154
      },
      "研究院": {
        "直接收入": 1.3773230769230769,
        "煤成本": 0.0,
        "外购热成本": 0.0,
        "水、电及辅材成本": 1.359998,
        "边际利润": 0.0173250769230769,
        "可比煤价边际利润": 0.0173250769230769
      }
    },
    "计量单位": "℃"
  },
  "3.集团汇总收入明细": {
    "数据来源": "groups",
    "查询结构": [
      "biz_date",
      "item_cn"
    ],
    "本期": {
      "暖收入": 575.3159679487179,
      "售电收入": 62.232084,
      "售高温水收入": 54.488026,
      "售汽收入": 7.0
    },
    "同期": {
      "暖收入": 569.2158198717949,
      "售电收入": 73.999368,
      "售高温水收入": 52.369417,
      "售汽收入": 8.0
    },
    "计量单位": "万元"
  },
  "4.供暖单耗": {
    "数据来源": {
      "groups": [
        "集团汇总",
        "主城区"
      ],
      "sum_basic_data": [
        "金州热电",
        "北方热电",
        "金普热电",
        "庄河环海",
        "研究院"
      ]
    },
    "查询结构": [
      "biz_date",
      "company_cn",
      "item_cn"
    ],
    "本期": {
      "集团汇总": {
        "供暖热单耗": 11.41478492916019,
        "供暖电单耗": 90.51088826519553,
        "供暖水单耗": 3.0553165117537304
      },
      "主城区": {
        "供暖热单耗": 11.084615074562317,
        "供暖电单耗": 81.52887335681301,
        "供暖水单耗": 2.5909710367696963
      },
      "金州热电": {
        "供暖热单耗": 12.324481459789151,
        "供暖电单耗": 89.93668457405987,
        "供暖水单耗": 3.6337576241063134
      },
      "北方热电": {
        "供暖热单耗": 11.657698058798612,
        "供暖电单耗": 73.06063598498565,
        "供暖水单耗": 2.3885850356316753
      },
      "金普热电": {
        "供暖热单耗": 6.522990634363376,
        "供暖电单耗": 179.17605495377842,
        "供暖水单耗": 3.569639168974003
      },
      "庄河环海": {
        "供暖热单耗": 15.228329455415638,
        "供暖电单耗": 138.14134501169005,
        "供暖水单耗": 6.6169271215630845
      },
      "研究院": {
        "供暖热单耗": 20.152980759121018,
        "供暖水单耗": 1.473294080538324
      }
    },
    "同期": {
      "集团汇总": {
        "供暖热单耗": 9.760475053026777,
        "供暖电单耗": 99.94468439373537,
        "供暖水单耗": 3.826847018097391
      },
      "主城区": {
        "供暖热单耗": 9.92936573404193,
        "供暖电单耗": 81.13699982420317,
        "供暖水单耗": 3.432095092563794
      },
      "金州热电": {
        "供暖热单耗": 7.832088811519844,
        "供暖电单耗": 85.51315528272787,
        "供暖水单耗": 2.8081909386595814
      },
      "北方热电": {
        "供暖热单耗": 11.311750041548944,
        "供暖电单耗": 81.92787103207579,
        "供暖水单耗": 4.261259764001994
      },
      "金普热电": {
        "供暖热单耗": 5.338064516129032,
        "供暖电单耗": 175.95307917888562,
        "供暖水单耗": 3.4252199413489737
      },
      "庄河环海": {
        "供暖热单耗": 14.631000553733442,
        "供暖电单耗": 285.81164544021806,
        "供暖水单耗": 10.205733270860842
      },
      "研究院": {
        "供暖热单耗": 13.596407185628742,
        "供暖水单耗": 1.7964071856287425
      },
      "计量单位": {
        "供暖热单耗": "GJ/万㎡",
        "供暖电单耗": "kWh/万㎡",
        "供暖水单耗": "吨/万㎡"
      }
    },
    "本供暖期累计": {
      "集团汇总": {
        "供暖热单耗": 2762.416240458295,
        "供暖电单耗": 14510.205526918677,
        "供暖水单耗": 426.4662504954316
      },
      "主城区": {
        "供暖热单耗": 2500.668785095598,
        "供暖电单耗": 12247.062117288719,
        "供暖水单耗": 379.6187475883947
      },
      "金州热电": {
        "供暖热单耗": 3001.6526260249625,
        "供暖电单耗": 12976.127963808216,
        "供暖水单耗": 355.09843175667487
      },
      "北方热电": {
        "供暖热单耗": 3329.7589633741386,
        "供暖电单耗": 14390.359603982623,
        "供暖水单耗": 352.9460106287023
      },
      "金普热电": {
        "供暖热单耗": 2844.0420564154642,
        "供暖电单耗": 41390.117815590806,
        "供暖水单耗": 579.2089516284728
      },
      "庄河环海": {
        "供暖热单耗": 3862.0015165234804,
        "供暖电单耗": 21410.176296937203,
        "供暖水单耗": 1074.0467922410467
      },
      "研究院": {
        "供暖热单耗": 4249.746346335822,
        "供暖水单耗": 297.76180212385657
      },
      "计量单位": {
        "供暖热单耗": "GJ/万㎡",
        "供暖电单耗": "kWh/万㎡",
        "供暖水单耗": "吨/万㎡"
      }
    },
    "同供暖期累计": {
      "集团汇总": {
        "供暖热单耗": 2614.325026464612,
        "供暖电单耗": 16569.066283741122,
        "供暖水单耗": 537.3224892065076
      },
      "主城区": {
        "供暖热单耗": 2362.2347082448714,
        "供暖电单耗": 13252.70028443026,
        "供暖水单耗": 473.3564123021722
      },
      "金州热电": {
        "供暖热单耗": 2691.4442866523127,
        "供暖电单耗": 11989.66665139646,
        "供暖水单耗": 403.66026845022674
      },
      "北方热电": {
        "供暖热单耗": 3036.0332391557254,
        "供暖电单耗": 13427.222868539138,
        "供暖水单耗": 525.5775303307296
      },
      "金普热电": {
        "供暖热单耗": 2844.2984164222876,
        "供暖电单耗": 42034.24633431085,
        "供暖水单耗": 688.0117302052786
      },
      "庄河环海": {
        "供暖热单耗": 4032.118839715466,
        "供暖电单耗": 46213.31515951783,
        "供暖水单耗": 1426.174553818631
      },
      "研究院": {
        "供暖热单耗": 3789.7604790419164,
        "供暖水单耗": 370.05988023952096
      },
      "计量单位": {
        "供暖热单耗": "GJ/万㎡",
        "供暖电单耗": "kWh/万㎡",
        "供暖水单耗": "吨/万㎡"
      }
    },