{
  "0.5卡片详细信数据表（折叠）": {
    "数据来源": {
      "calc_temperature_data": [
        "平均气温"
      ],
      "groups": [
        "标煤耗量汇总(张屯)",
        "可比煤价边际利润",
        "省市平台投诉量（件）"
      ]
    },
    "本期": {
      "平均气温（℃）": {
        "本日": 10.43,
        "本月累计": 5.01,
        "本供暖期累计": 2.79
      },
      "标煤耗量（吨）": {
        "本日": 1527.89,
        "本月累计": 76587.94,
        "本供暖期累计": 590450.2521
      },
      "可比煤价边际利润（万元）": {
        "本日": 444.94122214871794,
        "本月累计": 10867.718889464102,
        "本供暖期累计": 48731.12694352826
      },
      "省市平台投诉量（件）": {
        "本日": 3.0,
        "本月累计": 564.0,
        "本供暖期累计": 7263.0
      },
      "净投诉量（件）": {
        "本日": 1.0,
        "本月累计": 113.0,
        "本供暖期累计": 859.0
      }
    },
    "同期": {
      "平均气温（℃）": {
        "本日": 4.15,
        "本月累计": 6.31,
        "本供暖期累计": 3.36
      },
      "标煤耗量（吨）": {
        "本日": 2087.19,
        "本月累计": 73286.2607,
        "本供暖期累计": 560961.0227
      },
      "可比煤价边际利润（万元）": {
        "本日": 413.3745042717949,
        "本月累计": 11343.742687510256,
        "本供暖期累计": 50856.29209652564
      },
      "省市平台投诉量（件）": {
        "本日": 18.0,
        "本月累计": 753.0,
        "本供暖期累计": 11473.0
      },
      "净投诉量（件）": {
        "本日": 8.0,
        "本月累计": 194.0,
        "本供暖期累计": 1984.0
      }
    }
  },
  "7.煤炭库存明细": {
    "根指标": "煤炭库存明细",
    "数据来源": "coal_inventory_data",
    "查询结构": [
      "company_cn",
      "storage_type_cn"
    ],
    "集团汇总": {
      "厂内存煤": 10216.52,
      "港口存煤": 4603.28,
      "在途煤炭": 0.0
    },
    "北海热电厂": {
      "厂内存煤": 5180.28,
      "港口存煤": 0.0,
      "在途煤炭": 0.0
    },
    "香海热电厂": {
      "厂内存煤": 2721.14,
      "港口存煤": 3121.96,
      "在途煤炭": 0.0
    },
    "金州热电": {
      "厂内存煤": 722.92,
      "港口存煤": 1481.32,
      "在途煤炭": 0.0
    },
    "北方热电": {
      "厂内存煤": 1180.0,
      "港口存煤": 0.0,
      "在途煤炭": 0.0
    },
    "金普热电": {
      "厂内存煤": 356.08,
      "港口存煤": 0.0,
      "在途煤炭": 0.0
    },
    "庄河环海": {
      "厂内存煤": 56.1,
      "港口存煤": 0.0,
      "在途煤炭": 0.0
    },
    "计量单位": "吨"
  },
  "8.供热分中心单耗明细": {
    "数据来源": "sum_basic_data",
    "查询结构": [
      "company_cn",
      "iten_cn"
    ],
    "本期": {
      "华乐中心": {
        "供暖热单耗": 6.1027422496751385,
        "供暖电单耗": 84.02612147257948,
        "供暖水单耗": 1.4004353578763247
      },
      "东港中心": {
        "供暖热单耗": 7.05684565917511,
        "供暖电单耗": 76.73218987694861,
        "供暖水单耗": 0.25787047417663056
      },
      "春海中心": {
        "供暖热单耗": 6.91349191493437,
        "供暖电单耗": 70.04510984220855,
        "供暖水单耗": 0.8310436760939998
      },
      "中山中心": {
        "供暖热单耗": 7.537245822428025,
        "供暖电单耗": 89.75907657204215,
        "供暖水单耗": 1.7238775921079121
      },
      "北岗中心": {
        "供暖热单耗": 8.533179543864708,
        "供暖电单耗": 77.25072845300966,
        "供暖水单耗": 1.5485745104635578
      },
      "双兴中心": {
        "供暖热单耗": 8.377353659868145,
        "供暖电单耗": 76.71396890778134,
        "供暖水单耗": 2.4990869625786436
      },
      "香炉礁中心": {
        "供暖热单耗": 8.334635030520083,
        "供暖电单耗": 75.08340294583506,
        "供暖水单耗": 2.7241315038639655
      },
      "兴工中心": {
        "供暖热单耗": 10.24438336657138,
        "供暖电单耗": 79.36759168906622,
        "供暖水单耗": 2.656291074449095
      },
      "大纺中心": {
        "供暖热单耗": 7.518632744777569,
        "供暖电单耗": 69.50664185610536,
        "供暖水单耗": 1.2948094425765915
      }
    },
    "同期": {
      "华乐中心": {
        "供暖热单耗": 6.8956648044163815,
        "供暖电单耗": 67.85207931119093,
        "供暖水单耗": 1.9132708410423025
      },
      "东港中心": {
        "供暖热单耗": 6.418458997493939,
        "供暖电单耗": 71.38609468060383,
        "供暖水单耗": 0.3742266637441346
      },
      "春海中心": {
        "供暖热单耗": 8.041336903919083,
        "供暖电单耗": 68.06643442293712,
        "供暖水单耗": 0.933934797896114
      },
      "中山中心": {
        "供暖热单耗": 10.35584860076505,
        "供暖电单耗": 92.27568619555734,
        "供暖水单耗": 1.6106301590497283
      },
      "北岗中心": {
        "供暖热单耗": 9.165362408112689,
        "供暖电单耗": 88.68159233791042,
        "供暖水单耗": 1.5195710687090598
      },
      "双兴中心": {
        "供暖热单耗": 8.504425878304348,
        "供暖电单耗": 75.30205536960132,
        "供暖水单耗": 2.522618854881644
      },
      "香炉礁中心": {
        "供暖热单耗": 12.745313324172404,
        "供暖电单耗": 73.95149234866166,
        "供暖水单耗": 1.9431131918143243
      },
      "兴工中心": {
        "供暖热单耗": 12.570358452487945,
        "供暖电单耗": 102.76497421012043,
        "供暖水单耗": 2.486545358119878
      },
      "大纺中心": {
        "供暖热单耗": 9.81830963818814,
        "供暖电单耗": 67.9179186136801,
        "供暖水单耗": 2.478408258183414
      }
    },
    "本月累计": {
      "华乐中心": {
        "供暖热单耗": 307.4922108179884,
        "供暖电单耗": 2405.198416048437,
        "供暖水单耗": 46.07235082996505
      },
      "东港中心": {
        "供暖热单耗": 349.7101001260735,
        "供暖电单耗": 2303.5380772485596,
        "供暖水单耗": 8.245565649891773
      },
      "春海中心": {
        "供暖热单耗": 363.3718686966821,
        "供暖电单耗": 2357.3938945199793,
        "供暖水单耗": 23.99737548492388
      },
      "中山中心": {
        "供暖热单耗": 360.82309912086436,
        "供暖电单耗": 2623.9849674518487,
        "供暖水单耗": 50.474800348969865
      },
      "北岗中心": {
        "供暖热单耗": 342.3702445857741,
        "供暖电单耗": 2258.070832154103,
        "供暖水单耗": 36.745715165528374
      },
      "双兴中心": {
        "供暖热单耗": 396.6959340655203,
        "供暖电单耗": 2478.378897352003,
        "供暖水单耗": 81.01559882076981
      },
      "香炉礁中心": {
        "供暖热单耗": 409.080035889112,
        "供暖电单耗": 2139.3110286577125,
        "供暖水单耗": 85.338512956226
      },
      "兴工中心": {
        "供暖热单耗": 483.41744921735756,
        "供暖电单耗": 2525.9997678612635,
        "供暖水单耗": 71.48588518491502
      },
      "大纺中心": {
        "供暖热单耗": 365.465922879402,
        "供暖电单耗": 2199.58732913778,
        "供暖水单耗": 41.48950747593581
      }
    },
    "同期月累计": {
      "华乐中心": {
        "供暖热单耗": 247.70742814583147,
        "供暖电单耗": 2194.9358679503857,
        "供暖水单耗": 48.40772472253628
      },
      "东港中心": {
        "供暖热单耗": 328.0269669620751,
        "供暖电单耗": 2567.698075185596,
        "供暖水单耗": 10.236199920060153
      },
      "春海中心": {
        "供暖热单耗": 343.10627505250415,
        "供暖电单耗": 2345.1261069204966,
        "供暖水单耗": 27.044535630601878
      },
      "中山中心": {
        "供暖热单耗": 358.22260250989865,
        "供暖电单耗": 2725.9076572042145,
        "供暖水单耗": 53.628951077108916
      },
      "北岗中心": {
        "供暖热单耗": 301.0236731915546,
        "供暖电单耗": 2680.101528439228,
        "供暖水单耗": 49.71921490425983
      },
      "双兴中心": {
        "供暖热单耗": 347.97079786292767,
        "供暖电单耗": 2499.5576004247037,
        "供暖水单耗": 91.6708396555684
      },
      "香炉礁中心": {
        "供暖热单耗": 373.1456474641807,
        "供暖电单耗": 2138.5564215929303,
        "供暖水单耗": 73.21952349582287
      },
      "兴工中心": {
        "供暖热单耗": 432.14965516387116,
        "供暖电单耗": 2797.5929139880104,
        "供暖水单耗": 53.08453199041533
      },
      "大纺中心": {
        "供暖热单耗": 321.3709092858888,
        "供暖电单耗": 2182.5085542817083,
        "供暖水单耗": 47.63786642412158
      }
    },
    "本供暖期累计": {
      "华乐中心": {
        "供暖热单耗": 2172.8092323010615,
        "供暖电单耗": 621579.0599015513,
        "供暖水单耗": 231.97521347763208
      },
      "东港中心": {
        "供暖热单耗": 2426.0927959480373,
        "供暖电单耗": 619860.3222563289,
        "供暖水单耗": 49.99416646671222
      },
      "春海中心": {
        "供暖热单耗": 2560.3634696152626,
        "供暖电单耗": 511246.22913931974,
        "供暖水单耗": 140.44242390904742
      },
      "中山中心": {
        "供暖热单耗": 2450.009186044561,
        "供暖电单耗": 759106.7545802295,
        "供暖水单耗": 287.64009126904233
      },
      "北岗中心": {
        "供暖热单耗": 2341.2385004102835,
        "供暖电单耗": 591691.9938697809,
        "供暖水单耗": 222.10830409731454
      },
      "双兴中心": {
        "供暖热单耗": 2739.379650372557,
        "供暖电单耗": 366543.61683302146,
        "供暖水单耗": 485.7170826477709
      },
      "香炉礁中心": {
        "供暖热单耗": 2839.8844545662405,
        "供暖电单耗": 726287.4011559071,
        "供暖水单耗": 435.2384897897891
      },