{
  "push_date": "2026-03-28",
  "2.边际利润": {
    "数据来源": {
      "groups": [
        "集团汇总",
        "主城区"
      ],
      "sum_basic_data": [
        "金州热电",
        "北方热电",
        "金普热电",
        "庄河环海",
        "研究院"
      ]
    },
    "查询结构": [
      "biz_date",
      "company_cn",
      "item_cn"
    ],
    "本期": {
      "集团汇总": {
        "直接收入": 635.170816948718,
        "煤成本": 129.2382902338,
        "外购热成本": 6.684171,
        "水、电及辅材成本": 30.7564238,
        "边际利润": 468.4919319149179,
        "可比煤价边际利润": 444.94122214871794
      },
      "主城区": {
        "直接收入": 420.7375574615385,
        "煤成本": 101.1300914338,
        "外购热成本": 0.0,
        "水、电及辅材成本": 18.408822,
        "边际利润": 301.19864402773845,
        "可比煤价边际利润": 282.44373546153844
      },
      "金州热电": {
        "直接收入": 103.19640546153846,
        "煤成本": 13.2072,
        "外购热成本": 0.0,
        "水、电及辅材成本": 5.535082,
        "边际利润": 84.45412346153846,
        "可比煤价边际利润": 81.66132346153846
      },
      "北方热电": {
        "直接收入": 47.120613,
        "煤成本": 12.0164288,
        "外购热成本": 0.0,
        "水、电及辅材成本": 1.3754913,
        "边际利润": 33.7286929,
        "可比煤价边际利润": 32.0851217
      },
      "金普热电": {
        "直接收入": 27.302426282051282,
        "煤成本": 2.61429,
        "外购热成本": 0.0,
        "水、电及辅材成本": 2.2750675,
        "边际利润": 22.413068782051283,
        "可比煤价边际利润": 22.073358782051283
      },
      "庄河环海": {
        "直接收入": 35.56280128205128,
        "煤成本": 0.27028,
        "外购热成本": 6.684171,
        "水、电及辅材成本": 2.322613,
        "边际利润": 26.285737282051283,
        "可比煤价边际利润": 26.266017282051283
      },
      "研究院": {
        "直接收入": 1.2510134615384616,
        "煤成本": 0.0,
        "外购热成本": 0.0,
        "水、电及辅材成本": 0.839348,
        "边际利润": 0.4116654615384615,
        "可比煤价边际利润": 0.4116654615384615
      }
    },
    "同期": {
      "集团汇总": {
        "直接收入": 674.8671358717949,
        "煤成本": 237.25386136,
        "外购热成本": 0.0,
        "水、电及辅材成本": 38.2916316,
        "边际利润": 399.32164291179487,
        "可比煤价边际利润": 413.3745042717949
      },
      "主城区": {
        "直接收入": 447.4515878205128,
        "煤成本": 168.20872536,
        "外购热成本": 0.0,
        "水、电及辅材成本": 20.47707,
        "边际利润": 258.76579246051284,
        "可比煤价边际利润": 267.88151782051284
      },
      "金州热电": {
        "直接收入": 112.78375820512821,
        "煤成本": 30.163,
        "外购热成本": 0.0,
        "水、电及辅材成本": 5.587946,
        "边际利润": 77.03281220512821,
        "可比煤价边际利润": 79.39581220512821
      },
      "北方热电": {
        "直接收入": 49.855364205128204,
        "煤成本": 18.998072,
        "外购热成本": 0.0,
        "水、电及辅材成本": 3.0064231,
        "边际利润": 27.850869105128204,
        "可比煤价边际利润": 29.624941105128205
      },
      "金普热电": {
        "直接收入": 27.74525641025641,
        "煤成本": 4.268,
        "外购热成本": 0.0,
        "水、电及辅材成本": 2.5551385,
        "边际利润": 20.92211791025641,
        "可比煤价边际利润": 20.92211791025641
      },
      "庄河环海": {
        "直接收入": 35.65384615384615,
        "煤成本": 15.616064,
        "外购热成本": 0.0,
        "水、电及辅材成本": 5.577018,
        "边际利润": 14.460764153846155,
        "可比煤价边际利润": 15.260828153846154
      },
      "研究院": {
        "直接收入": 1.3773230769230769,
        "煤成本": 0.0,
        "外购热成本": 0.0,
        "水、电及辅材成本": 1.088036,
        "边际利润": 0.2892870769230769,
        "可比煤价边际利润": 0.2892870769230769
      }
    },
    "计量单位": "℃"
  },
  "3.集团汇总收入明细": {
    "数据来源": "groups",
    "查询结构": [
      "biz_date",
      "item_cn"
    ],
    "本期": {
      "暖收入": 575.3159679487179,
      "售电收入": 36.211112,
      "售高温水收入": 22.643737,
      "售汽收入": 1.0
    },
    "同期": {
      "暖收入": 569.2158198717949,
      "售电收入": 55.241862,
      "售高温水收入": 49.409454,
      "售汽收入": 1.0
    },
    "计量单位": "万元"
  },
  "4.供暖单耗": {
    "数据来源": {
      "groups": [
        "集团汇总",
        "主城区"
      ],
      "sum_basic_data": [
        "金州热电",
        "北方热电",
        "金普热电",
        "庄河环海",
        "研究院"
      ]
    },
    "查询结构": [
      "biz_date",
      "company_cn",
      "item_cn"
    ],
    "本期": {
      "集团汇总": {
        "供暖热单耗": 7.487470346603785,
        "供暖电单耗": 82.05970894128492,
        "供暖水单耗": 3.084423246168069
      },
      "主城区": {
        "供暖热单耗": 7.84481190295406,
        "供暖电单耗": 77.34567087565104,
        "供暖水单耗": 2.586177783926698
      },
      "金州热电": {
        "供暖热单耗": 6.723161631053843,
        "供暖电单耗": 85.20317485963565,
        "供暖水单耗": 3.438105889243446
      },
      "北方热电": {
        "供暖热单耗": 9.505232170465463,
        "供暖电单耗": 58.42846471775945,
        "供暖水单耗": 2.432013854461342
      },
      "金普热电": {
        "供暖热单耗": 3.324372294700544,
        "供暖电单耗": 148.25668038722418,
        "供暖水单耗": 3.522977219052774
      },
      "庄河环海": {
        "供暖热单耗": 6.2880727723408985,
        "供暖电单耗": 101.76556764184063,
        "供暖水单耗": 7.634582797981491
      },
      "研究院": {
        "供暖热单耗": 14.198033855535696,
        "供暖水单耗": 1.5902639049521607
      }
    },
    "同期": {
      "集团汇总": {
        "供暖热单耗": 9.36508900973017,
        "供暖电单耗": 98.08043671391775,
        "供暖水单耗": 3.6395461298117793
      },
      "主城区": {
        "供暖热单耗": 9.28477734654965,
        "供暖电单耗": 76.62938872285855,
        "供暖水单耗": 3.034073032315064
      },
      "金州热电": {
        "供暖热单耗": 7.238505352207309,
        "供暖电单耗": 87.9563882908058,
        "供暖水单耗": 2.7440560721975356
      },
      "北方热电": {
        "供暖热单耗": 12.683995346518198,
        "供暖电单耗": 90.65979724115007,
        "供暖水单耗": 3.8125311617084927
      },
      "金普热电": {
        "供暖热单耗": 4.841935483870968,
        "供暖电单耗": 201.75953079178885,
        "供暖水单耗": 3.2609970674486806
      },
      "庄河环海": {
        "供暖热单耗": 14.773693402053073,
        "供暖电单耗": 263.23635898964943,
        "供暖水单耗": 11.960642330791838
      },
      "研究院": {
        "供暖热单耗": 18.195209580838323,
        "供暖水单耗": 2.2754491017964074
      },
      "计量单位": {
        "供暖热单耗": "GJ/万㎡",
        "供暖电单耗": "kWh/万㎡",
        "供暖水单耗": "吨/万㎡"
      }
    },
    "本供暖期累计": {
      "集团汇总": {
        "供暖热单耗": 2837.968276793087,
        "供暖电单耗": 15194.318039740678,
        "供暖水单耗": 450.49212665445424
      },
      "主城区": {
        "供暖热单耗": 2574.656128729341,
        "供暖电单耗": 12877.331291117122,
        "供暖水单耗": 400.339543878417
      },
      "金州热电": {
        "供暖热单耗": 3084.3139061679526,
        "供暖电单耗": 13665.642545542674,
        "供暖水单耗": 378.30682988649676
      },
      "北方热电": {
        "供暖热单耗": 3411.8979596472777,
        "供暖电单耗": 14912.915196211403,
        "供暖水单耗": 373.18384020332707
      },
      "金普热电": {
        "供暖热单耗": 2885.707969686064,
        "供暖电单耗": 42659.71364727882,
        "供暖水单耗": 607.9993747298711
      },
      "庄河环海": {
        "供暖热单耗": 3948.545423602423,
        "供暖电单耗": 22389.290971142316,
        "供暖水单耗": 1134.8982712411805
      },
      "研究院": {
        "供暖热单耗": 4375.862159604669,
        "供暖水单耗": 310.7585953106929
      },
      "计量单位": {
        "供暖热单耗": "GJ/万㎡",
        "供暖电单耗": "kWh/万㎡",
        "供暖水单耗": "吨/万㎡"
      }
    },
    "同供暖期累计": {
      "集团汇总": {
        "供暖热单耗": 2679.958412847949,
        "供暖电单耗": 17337.328535589168,
        "供暖水单耗": 566.8502512674863
      },
      "主城区": {
        "供暖热单耗": 2426.36133605593,
        "供暖电单耗": 13883.765838618507,
        "供暖水单耗": 498.4119686089963
      },
      "金州热电": {
        "供暖热单耗": 2749.7563027776505,
        "供暖电单耗": 12672.550277154243,
        "供暖水单耗": 425.51804174874405
      },
      "北方热电": {
        "供暖热单耗": 3123.706032906764,
        "供暖电单耗": 14005.64400864218,
        "供暖水单耗": 556.7392388233338
      },
      "金普热电": {
        "供暖热单耗": 2884.9823460410557,
        "供暖电单耗": 43551.231671554255,
        "供暖水单耗": 714.4046920821114
      },
      "庄河环海": {
        "供暖热单耗": 4120.4470332666015,
        "供暖电单耗": 48215.70047280317,
        "供暖水单耗": 1520.083485964987
      },
      "研究院": {
        "供暖热单耗": 3907.191616766467,
        "供暖水单耗": 384.311377245509
      },
      "计量单位": {
        "供暖热单耗": "GJ/万㎡",
        "供暖电单耗": "kWh/万㎡",
        "供暖水单耗": "吨/万㎡"
      }
    },
    "本月累计": {
      "集团汇总": {
        "供暖热单耗": 391.5557347509807,