{
  "push_date": "2026-03-18",
  "2.边际利润": {
    "数据来源": {
      "groups": [
        "集团汇总",
        "主城区"
      ],
      "sum_basic_data": [
        "金州热电",
        "北方热电",
        "金普热电",
        "庄河环海",
        "研究院"
      ]
    },
    "查询结构": [
      "biz_date",
      "company_cn",
      "item_cn"
    ],
    "本期": {
      "集团汇总": {
        "直接收入": 699.7774219487179,
        "煤成本": 196.639345935,
        "外购热成本": 17.810143,
        "水、电及辅材成本": 35.7545503,
        "边际利润": 450.46078271371795,
        "可比煤价边际利润": 414.690128648718
      },
      "主城区": {
        "直接收入": 474.58390946153844,
        "煤成本": 149.211084135,
        "外购热成本": 0.0,
        "水、电及辅材成本": 21.127964,
        "边际利润": 305.13226132653847,
        "可比煤价边际利润": 277.8653454615385
      },
      "金州热电": {
        "直接收入": 111.46360546153846,
        "煤成本": 27.817665,
        "外购热成本": 0.0,
        "水、电及辅材成本": 5.79815,
        "边际利润": 77.84779046153847,
        "可比煤价边际利润": 71.96545546153847
      },
      "北方热电": {
        "直接收入": 49.613666,
        "煤成本": 13.7098128,
        "外购热成本": 0.0,
        "水、电及辅材成本": 1.9396558,
        "边际利润": 33.9641974,
        "可比煤价边际利润": 32.0890102
      },
      "金普热电": {
        "直接收入": 27.302426282051282,
        "煤成本": 5.5401,
        "外购热成本": 0.0,
        "水、电及辅材成本": 2.9778895,
        "边际利润": 18.784436782051284,
        "可比煤价边际利润": 18.06453678205128
      },
      "庄河环海": {
        "直接收入": 35.56280128205128,
        "煤成本": 0.360684,
        "外购热成本": 17.810143,
        "水、电及辅材成本": 2.724751,
        "边际利润": 14.667223282051282,
        "可比煤价边际利润": 14.640907282051282
      },
      "研究院": {
        "直接收入": 1.2510134615384616,
        "煤成本": 0.0,
        "外购热成本": 0.0,
        "水、电及辅材成本": 1.18614,
        "边际利润": 0.0648734615384615,
        "可比煤价边际利润": 0.0648734615384615
      }
    },
    "同期": {
      "集团汇总": {
        "直接收入": 740.2181138717949,
        "煤成本": 324.724775033,
        "外购热成本": 0.0,
        "水、电及辅材成本": 45.7649155,
        "边际利润": 369.72962333879485,
        "可比煤价边际利润": 389.8953983717949
      },
      "主城区": {
        "直接收入": 500.66621182051284,
        "煤成本": 222.376702033,
        "外购热成本": 0.0,
        "水、电及辅材成本": 23.388107,
        "边际利润": 254.90260278751282,
        "可比煤价边际利润": 267.9223048205128
      },
      "金州热电": {
        "直接收入": 121.5204952051282,
        "煤成本": 50.2355,
        "外购热成本": 0.0,
        "水、电及辅材成本": 7.603924,
        "边际利润": 63.681071205128205,
        "可比煤价边际利润": 67.61657120512821
      },
      "北方热电": {
        "直接收入": 52.7189812051282,
        "煤成本": 21.167673,
        "外购热成本": 0.0,
        "水、电及辅材成本": 3.7592285,
        "边际利润": 27.792079705128206,
        "可比煤价边际利润": 29.768752705128204
      },
      "金普热电": {
        "直接收入": 28.28125641025641,
        "煤成本": 6.861,
        "外购热成本": 0.0,
        "水、电及辅材成本": 2.96868,
        "边际利润": 18.45157641025641,
        "可比煤价边际利润": 18.45157641025641
      },
      "庄河环海": {
        "直接收入": 35.65384615384615,
        "煤成本": 24.0839,
        "外购热成本": 0.0,
        "水、电及辅材成本": 6.43637,
        "边际利润": 5.133576153846154,
        "可比煤价边际利润": 6.3674761538461535
      },
      "研究院": {
        "直接收入": 1.3773230769230769,
        "煤成本": 0.0,
        "外购热成本": 0.0,
        "水、电及辅材成本": 1.608606,
        "边际利润": -0.2312829230769231,
        "可比煤价边际利润": -0.2312829230769231
      }
    },
    "计量单位": "℃"
  },
  "3.集团汇总收入明细": {
    "数据来源": "groups",
    "查询结构": [
      "biz_date",
      "item_cn"
    ],
    "本期": {
      "暖收入": 575.3159679487179,
      "售电收入": 48.947712,
      "售高温水收入": 65.513742,
      "售汽收入": 10.0
    },
    "同期": {
      "暖收入": 569.2158198717949,
      "售电收入": 89.79263,
      "售高温水收入": 76.209664,
      "售汽收入": 5.0
    },
    "计量单位": "万元"
  },
  "4.供暖单耗": {
    "数据来源": {
      "groups": [
        "集团汇总",
        "主城区"
      ],
      "sum_basic_data": [
        "金州热电",
        "北方热电",
        "金普热电",
        "庄河环海",
        "研究院"
      ]
    },
    "查询结构": [
      "biz_date",
      "company_cn",
      "item_cn"
    ],
    "本期": {
      "集团汇总": {
        "供暖热单耗": 12.364515490519393,
        "供暖电单耗": 93.86563266680915,
        "供暖水单耗": 3.1677659780070293
      },
      "主城区": {
        "供暖热单耗": 12.341754570203179,
        "供暖电单耗": 82.87969915802157,
        "供暖水单耗": 2.8101534167722453
      },
      "金州热电": {
        "供暖热单耗": 12.662138486084745,
        "供暖电单耗": 89.93668457405987,
        "供暖水单耗": 3.3513248778123357
      },
      "北方热电": {
        "供暖热单耗": 11.429396098889425,
        "供暖电单耗": 87.4155309473763,
        "供暖水单耗": 2.55895963257883
      },
      "金普热电": {
        "供暖热单耗": 7.280372409022322,
        "供暖电单耗": 213.4842536333619,
        "供暖水单耗": 3.6454648375959997
      },
      "庄河环海": {
        "供暖热单耗": 16.460385695831814,
        "供暖电单耗": 133.37785035611452,
        "供暖水单耗": 6.6948752159270475
      },
      "研究院": {
        "供暖热单耗": 21.479076858374512,
        "供暖水单耗": 1.8794027967616445
      }
    },
    "同期": {
      "集团汇总": {
        "供暖热单耗": 14.278576624737653,
        "供暖电单耗": 109.22653137624111,
        "供暖水单耗": 3.7273434211956595
      },
      "主城区": {
        "供暖热单耗": 13.56700789282704,
        "供暖电单耗": 85.64461092554778,
        "供暖水单耗": 3.2391693374262442
      },
      "金州热电": {
        "供暖热单耗": 12.741460137126452,
        "供暖电单耗": 88.41449447982042,
        "供暖水单耗": 2.79750179424924
      },
      "北方热电": {
        "供暖热单耗": 19.838258268239986,
        "供暖电单耗": 100.95396376932025,
        "供暖水单耗": 4.0651487452218715
      },
      "金普热电": {
        "供暖热单耗": 7.493196480938416,
        "供暖电单耗": 235.19061583577712,
        "供暖水单耗": 3.4604105571847508
      },
      "庄河环海": {
        "供暖热单耗": 22.784725475997785,
        "供暖电单耗": 309.238829492695,
        "供暖水单耗": 10.691314903948545
      },
      "研究院": {
        "供暖热单耗": 22.960479041916166,
        "供暖水单耗": 3.8323353293413174
      },
      "计量单位": {
        "供暖热单耗": "GJ/万㎡",
        "供暖电单耗": "kWh/万㎡",
        "供暖水单耗": "吨/万㎡"
      }
    },
    "本供暖期累计": {
      "集团汇总": {
        "供暖热单耗": 2738.87336456725,
        "供暖电单耗": 14327.107935148071,
        "供暖水单耗": 420.2870658759699
      },
      "主城区": {
        "供暖热单耗": 2477.477720590398,
        "供暖电单耗": 12083.9172205234,
        "供暖水单耗": 374.3134881917127
      },
      "金州热电": {
        "供暖热单耗": 2976.8679691602374,
        "供暖电单耗": 12796.254594660097,
        "供暖水单耗": 348.01078987761036
      },
      "北方热电": {
        "供暖热单耗": 3306.665054232573,
        "供暖电单耗": 14237.503524415682,
        "供暖水单耗": 348.20892869789714
      },
      "金普热电": {
        "供暖热单耗": 2830.491134521152,
        "供暖电单耗": 40994.90276524548,
        "供暖水单耗": 571.9296874407612
      },
      "庄河环海": {
        "供暖热单耗": 3830.9363861271445,
        "供暖电单耗": 21138.22405660071,
        "供暖水单耗": 1060.522797868899
      },
      "研究院": {
        "供暖热单耗": 4209.017190621385,
        "供暖水单耗": 294.63253075386393
      },
      "计量单位": {
        "供暖热单耗": "GJ/万㎡",
        "供暖电单耗": "kWh/万㎡",
        "供暖水单耗": "吨/万㎡"
      }
    },
    "同供暖期累计": {
      "集团汇总": {
        "供暖热单耗": 2592.8918346289242,
        "供暖电单耗": 16363.800685019529,
        "供暖水单耗": 529.7264905332222
      },
      "主城区": {
        "供暖热单耗": 2340.589610497325,
        "供暖电单耗": 13085.91867368051,
        "供暖水单耗": 466.73833768317803
      },
      "金州热电": {
        "供暖热单耗": 2675.2685571182064,
        "供暖电单耗": 11817.87683051598,
        "供暖水单耗": 398.01640020156674
      },
      "北方热电": {
        "供暖热单耗": 3009.3943825826823,
        "供暖电单耗": 13258.235000830979,
        "供暖水单耗": 517.460528502576
      },
      "金普热电": {
        "供暖热单耗": 2832.940410557185,
        "供暖电单耗": 41660.052785923755,
        "供暖水单耗": 681.3137829912024
      },
      "庄河环海": {
        "供暖热单耗": 3997.7063934915022,
        "供暖电单耗": 45627.20960940495,
        "供暖水单耗": 1403.7483494483963
      },
      "研究院": {
        "供暖热单耗": 3759.05748502994,
        "供暖水单耗": 366.94610778443115
      },
      "计量单位": {
        "供暖热单耗": "GJ/万㎡",
        "供暖电单耗": "kWh/万㎡",
        "供暖水单耗": "吨/万㎡"
      }
    },
    "本月累计": {
      "集团汇总": {
        "供暖热单耗": 292.4608225251435,