{
  "push_date": "2026-03-16",
  "2.边际利润": {
    "数据来源": {
      "groups": [
        "集团汇总",
        "主城区"
      ],
      "sum_basic_data": [
        "金州热电",
        "北方热电",
        "金普热电",
        "庄河环海",
        "研究院"
      ]
    },
    "查询结构": [
      "biz_date",
      "company_cn",
      "item_cn"
    ],
    "本期": {
      "集团汇总": {
        "直接收入": 721.8852719487179,
        "煤成本": 208.281196941,
        "外购热成本": 18.79774,
        "水、电及辅材成本": 35.6074118,
        "边际利润": 459.1976232077179,
        "可比煤价边际利润": 420.99482014871796
      },
      "主城区": {
        "直接收入": 494.63714746153846,
        "煤成本": 159.658686421,
        "外购热成本": 0.0,
        "水、电及辅材成本": 21.205776,
        "边际利润": 313.77138504053846,
        "可比煤价边际利润": 284.51507146153847
      },
      "金州热电": {
        "直接收入": 113.35189746153846,
        "煤成本": 31.614735,
        "外购热成本": 0.0,
        "水、电及辅材成本": 5.683877,
        "边际利润": 76.05328546153847,
        "可比煤价边际利润": 69.36802046153846
      },
      "北方热电": {
        "直接收入": 49.779986,
        "煤成本": 11.25022752,
        "外购热成本": 0.0,
        "水、电及辅材成本": 1.6207408,
        "边际利润": 36.90901768,
        "可比煤价边际利润": 35.3702452
      },
      "金普热电": {
        "直接收入": 27.302426282051282,
        "煤成本": 5.30646,
        "外购热成本": 0.0,
        "水、电及辅材成本": 2.9918975,
        "边际利润": 19.00406878205128,
        "可比煤价边际利润": 18.314528782051283
      },
      "庄河环海": {
        "直接收入": 35.56280128205128,
        "煤成本": 0.451088,
        "外购热成本": 18.79774,
        "水、电及辅材成本": 2.7842265,
        "边际利润": 13.529746782051282,
        "可比煤价边际利润": 13.496834782051282
      },
      "研究院": {
        "直接收入": 1.2510134615384616,
        "煤成本": 0.0,
        "外购热成本": 0.0,
        "水、电及辅材成本": 1.320894,
        "边际利润": -0.0698805384615385,
        "可比煤价边际利润": -0.0698805384615385
      }
    },
    "同期": {
      "集团汇总": {
        "直接收入": 721.8410848717949,
        "煤成本": 326.4333383205,
        "外购热成本": 0.0,
        "水、电及辅材成本": 46.0400429,
        "边际利润": 349.36655365129485,
        "可比煤价边际利润": 370.9428919717949
      },
      "主城区": {
        "直接收入": 483.98199982051284,
        "煤成本": 200.6912493205,
        "外购热成本": 0.0,
        "水、电及辅材成本": 23.642154,
        "边际利润": 259.64744650001285,
        "可比煤价边际利润": 271.9696958205128
      },
      "金州热电": {
        "直接收入": 120.58958220512821,
        "煤成本": 58.156,
        "外购热成本": 0.0,
        "水、电及辅材成本": 7.33795,
        "边际利润": 55.095632205128204,
        "可比煤价边际利润": 59.6516322051282
      },
      "北方热电": {
        "直接收入": 51.95707720512821,
        "煤成本": 38.826703,
        "外购热成本": 0.0,
        "水、电及辅材成本": 4.4263314,
        "边际利润": 8.704042805128205,
        "可比煤价边际利润": 12.329745805128205
      },
      "金普热电": {
        "直接收入": 28.28125641025641,
        "煤成本": 7.828,
        "外购热成本": 0.0,
        "水、电及辅材成本": 2.9119405,
        "边际利润": 17.54131591025641,
        "可比煤价边际利润": 17.54131591025641
      },
      "庄河环海": {
        "直接收入": 35.65384615384615,
        "煤成本": 20.931386,
        "外购热成本": 0.0,
        "水、电及辅材成本": 6.084417,
        "边际利润": 8.638043153846153,
        "可比煤价边际利润": 9.710429153846153
      },
      "研究院": {
        "直接收入": 1.3773230769230769,
        "煤成本": 0.0,
        "外购热成本": 0.0,
        "水、电及辅材成本": 1.63725,
        "边际利润": -0.2599269230769231,
        "可比煤价边际利润": -0.2599269230769231
      }
    },
    "计量单位": "℃"
  },
  "3.集团汇总收入明细": {
    "数据来源": "groups",
    "查询结构": [
      "biz_date",
      "item_cn"
    ],
    "本期": {
      "暖收入": 575.3159679487179,
      "售电收入": 68.96127,
      "售高温水收入": 63.608034,
      "售汽收入": 14.0
    },
    "同期": {
      "暖收入": 569.2158198717949,
      "售电收入": 91.054514,
      "售高温水收入": 56.570751,
      "售汽收入": 5.0
    },
    "计量单位": "万元"
  },
  "4.供暖单耗": {
    "数据来源": {
      "groups": [
        "集团汇总",
        "主城区"
      ],
      "sum_basic_data": [
        "金州热电",
        "北方热电",
        "金普热电",
        "庄河环海",
        "研究院"
      ]
    },
    "查询结构": [
      "biz_date",
      "company_cn",
      "item_cn"
    ],
    "本期": {
      "集团汇总": {
        "供暖热单耗": 13.327657304802155,
        "供暖电单耗": 93.00869779256496,
        "供暖水单耗": 2.820348831663817
      },
      "主城区": {
        "供暖热单耗": 12.909537156969225,
        "供暖电单耗": 84.0997998816938,
        "供暖水单耗": 2.5595970181609813
      },
      "金州热电": {
        "供暖热单耗": 15.254523973017733,
        "供暖电单耗": 86.78101143111039,
        "供暖水单耗": 2.590807650361514
      },
      "北方热电": {
        "供暖热单耗": 12.703464016216989,
        "供暖电单耗": 72.81676646386522,
        "供暖水单耗": 1.783922250387853
      },
      "金普热电": {
        "供暖热单耗": 6.964820972680012,
        "供暖电单耗": 211.49528801796953,
        "供暖水单耗": 3.7329559936983037
      },
      "庄河环海": {
        "供暖热单耗": 17.43053633918507,
        "供暖电单耗": 136.842210105624,
        "供暖水单耗": 6.738179712795916
      },
      "研究院": {
        "供暖热单耗": 22.345179266112922,
        "供暖水单耗": 1.8925454736620755
      }
    },
    "同期": {
      "集团汇总": {
        "供暖热单耗": 13.662975464141077,
        "供暖电单耗": 106.93205120325412,
        "供暖水单耗": 3.543387191629434
      },
      "主城区": {
        "供暖热单耗": 12.748425716822855,
        "供暖电单耗": 85.64461092554778,
        "供暖水单耗": 3.0881643655311994
      },
      "金州热电": {
        "供暖热单耗": 14.082184250309222,
        "供暖电单耗": 86.58206972376196,
        "供暖水单耗": 2.5944080504527616
      },
      "北方热电": {
        "供暖热单耗": 17.325178660462026,
        "供暖电单耗": 97.91922885158716,
        "供暖水单耗": 4.111683563237494
      },
      "金普热电": {
        "供暖热单耗": 8.656304985337243,
        "供暖电单耗": 224.04692082111438,
        "供暖水单耗": 3.80058651026393
      },
      "庄河环海": {
        "供暖热单耗": 19.80287089491843,
        "供暖电单耗": 291.3489798526217,
        "供暖水单耗": 9.571069557439197
      },
      "研究院": {
        "供暖热单耗": 21.420359281437126,
        "供暖水单耗": 3.712574850299401
      },
      "计量单位": {
        "供暖热单耗": "GJ/万㎡",
        "供暖电单耗": "kWh/万㎡",
        "供暖水单耗": "吨/万㎡"
      }
    },
    "本供暖期累计": {
      "集团汇总": {
        "供暖热单耗": 2713.8902014758314,
        "供暖电单耗": 14140.492806140535,
        "供暖水单耗": 414.0630515528947
      },
      "主城区": {
        "供暖热单耗": 2452.341031181199,
        "供暖电单耗": 11918.593572465814,
        "供暖水单耗": 368.8269566875137
      },
      "金州热电": {
        "供暖热单耗": 2951.5610483903542,
        "供暖电单耗": 12619.536898654926,
        "供暖水单耗": 341.4832799814194
      },
      "北方热电": {
        "供暖热单耗": 3283.7258184996076,
        "供暖电单耗": 14066.881717269036,
        "供暖水单耗": 343.0743060408819
      },
      "金普热电": {
        "供暖热单耗": 2816.6877714777665,
        "供暖电单耗": 40570.2206935249,
        "供暖水单耗": 564.4054480159631
      },
      "庄河环海": {
        "供暖热单耗": 3798.024145721364,
        "供暖电单耗": 20868.87008607635,
        "供暖水单耗": 1047.2629609276516
      },
      "研究院": {
        "供暖热单耗": 4165.629271369992,
        "供暖水单耗": 291.2285774366523
      },
      "计量单位": {
        "供暖热单耗": "GJ/万㎡",
        "供暖电单耗": "kWh/万㎡",
        "供暖水单耗": "吨/万㎡"
      }
    },
    "同供暖期累计": {
      "集团汇总": {
        "供暖热单耗": 2563.6975740632865,
        "供暖电单耗": 16142.144625166926,
        "供暖水单耗": 522.3721434524125
      },
      "主城区": {
        "供暖热单耗": 2313.5890200002705,
        "供暖电单耗": 12914.629451829414,
        "供暖水单耗": 460.2987644637971
      },
      "金州热电": {
        "供暖热单耗": 2647.090445431918,
        "供暖电单耗": 11641.505947745354,
        "供暖水单耗": 392.4733153144899
      },
      "北方热电": {
        "供暖热单耗": 2971.036330397208,
        "供暖电单耗": 13054.449060993851,
        "供暖水单耗": 509.2571048695363
      },
      "金普热电": {
        "供暖热单耗": 2815.107741935484,
        "供暖电单耗": 41176.768328445745,
        "供暖水单耗": 674.2697947214076
      },
      "庄河环海": {
        "供暖热单耗": 3949.048132214508,
        "供暖电单耗": 44970.39655833369,
        "供暖水单耗": 1383.6052306512756
      },
      "研究院": {
        "供暖热单耗": 3712.773652694611,
        "供暖水单耗": 358.32335329341316
      },
      "计量单位": {
        "供暖热单耗": "GJ/万㎡",
        "供暖电单耗": "kWh/万㎡",
        "供暖水单耗": "吨/万㎡"
      }
    },